<?xml version="1.0" encoding="UTF-8" standalone="yes"?>
<manifest>
  <control namespace="ConfettiPCFComponent" constructor="ConfettiPCFControl" version="0.0.4" display-name-key="ConfettiPCFControl" description-key="ConfettiPCFControl description" control-type="standard" api-version="1.3.11">
    <external-service-usage enabled="false"/>
    <property name="spread" display-name-key="Confetti Spread" description-key="How far off center the confetti can go, in degrees. 45 means the confetti will launch at the defined angle plus or minus 22.5 degrees." of-type="Whole.None" usage="bound" required="true"/>
    <resources>
      <code path="bundle.js" order="1"/>
    </resources>
    <built-by name="pac" version="1.31.2"/>
  </control>
</manifest>